/*
 Navicat Premium Data Transfer

 Source Server         : aliyun
 Source Server Type    : MySQL
 Source Server Version : 50095
 Source Host           : 115.28.57.52
 Source Database       : new_oa

 Target Server Type    : MySQL
 Target Server Version : 50095
 File Encoding         : utf-8

 Date: 02/11/2014 15:46:54 PM
*/

SET NAMES utf8;
SET FOREIGN_KEY_CHECKS = 0;

-- ----------------------------
--  Table structure for `oa_org`
-- ----------------------------
DROP TABLE IF EXISTS `oa_org`;
CREATE TABLE `oa_org` (
  `id` int(11) unsigned NOT NULL auto_increment COMMENT '自增 主键',
  `name` varchar(32) default NULL,
  `pid` int(11) unsigned default NULL,
  `open` tinyint(1) default NULL,
  `org_level` int(11) default NULL,
  PRIMARY KEY  (`id`),
  KEY `FK_ORG` (`pid`),
  CONSTRAINT `oa_org_ibfk_1` FOREIGN KEY (`pid`) REFERENCES `oa_org` (`id`) ON DELETE CASCADE ON UPDATE CASCADE
) ENGINE=InnoDB AUTO_INCREMENT=6 DEFAULT CHARSET=utf8;

-- ----------------------------
--  Records of `oa_org`
-- ----------------------------
BEGIN;
INSERT INTO `oa_org` VALUES ('1', '组织架构', '1', '1', '0'), ('2', '上海金融', '1', '1', '1'), ('3', '信息技术', '1', '1', '1'), ('5', '云金天下', '1', '1', '1');
COMMIT;

-- ----------------------------
--  Table structure for `oa_project`
-- ----------------------------
DROP TABLE IF EXISTS `oa_project`;
CREATE TABLE `oa_project` (
  `id` int(11) NOT NULL auto_increment,
  `project_num` varchar(16) default NULL COMMENT '项目编号',
  `project_name` varchar(128) default NULL,
  `contract_num` varchar(16) default NULL COMMENT '合同编号',
  `customer` varchar(32) default NULL COMMENT '客户名称',
  `project_describe` varchar(128) default NULL COMMENT '项目描述',
  `org_id` int(11) unsigned default NULL COMMENT '所属公司',
  PRIMARY KEY  (`id`),
  KEY `oa_user_ibfk_2` (`org_id`),
  CONSTRAINT `oa_user_ibfk_2` FOREIGN KEY (`org_id`) REFERENCES `oa_org` (`id`) ON DELETE SET NULL ON UPDATE CASCADE
) ENGINE=InnoDB AUTO_INCREMENT=21 DEFAULT CHARSET=utf8;

-- ----------------------------
--  Records of `oa_project`
-- ----------------------------
BEGIN;
INSERT INTO `oa_project` VALUES ('4', 'CZ14001', '贷记卡系统建设咨询服务', 'QK14001', '江苏江南农村商业银行股份有限公司', '贷记卡系统建设咨询服务', '3'), ('5', 'CZ14002', '贷记卡业务运营咨询服务', 'QK14002', '江苏江南农村商业银行股份有限公司', '贷记卡业务运营咨询服务', '3'), ('6', 'CZ14003', '借记IC卡业务咨询', 'QK14003', '江苏江南农村商业银行股份有限公司', '借记IC卡业务咨询', '3'), ('7', 'XH0001', '小微贷款业务咨询服务', 'JR0001', '兴化农村商业银行股份有限公司', '小微贷款业务咨询服务', '2'), ('8', 'CS0001', '信用卡综合风险管理咨询服务', 'JR0002', '常熟农村商业银行股份有限公司', '信用卡综合风险管理咨询服务', '2'), ('9', 'SH11001', '富友预付卡', 'QK11001', '上海富友金融网络技术有限公司', '富友预付卡', '3'), ('10', 'CZ11003', '富友预付费卡受理渠道建设', 'QK11003', '江苏江南农村商业银行股份有限公司', '富友预付费卡受理渠道建设', '3'), ('11', 'JR12006', '自助设备管理外包服务', 'QK11002', '江苏句容农村商业银行股份有限公司', '自助设备管理外包服务', '3'), ('12', 'JY13001', '自助设备管理外包服务', 'QK13001', '江苏姜堰农村商业银行股份有限公司', '自助设备管理外包服务', '3'), ('13', 'XH12004', '自助设备管理外包服务', 'QK12004', '江苏兴化农村商业银行股份有限公司', '自助设备管理外包服务', '3'), ('14', 'XH12003', '自助设备技术服务', 'QK12003', '江苏兴化农村商业银行股份有限公司', '自助设备技术服务', '3'), ('15', 'JR12006', 'POS设备管理外包服务', 'QK12006', '江苏句容农村商业银行股份有限公司', 'POS设备管理外包服务', '3'), ('16', 'XH12007', 'POS专业化服务', 'QK12007', '江苏兴化农村商业银行股份有限公司', 'POS专业化服务', '3'), ('17', 'CZ12008', '信用卡团队人才培养合作', 'QK12008', '江苏江南农村商业银行股份有限公司', '信用卡团队人才培养合作', '3'), ('18', '-', '公司内部支付报销', '-', '信息技术', '公司内部支付报销', '3'), ('19', '-', '公司内部支付报销', '-', '金融服务', '公司内部支付报销', '2'), ('20', '-', '公司内部支付报销', '-', '云金天下', '公司内部支付报销', '5');
COMMIT;

-- ----------------------------
--  Table structure for `oa_reimbursement`
-- ----------------------------
DROP TABLE IF EXISTS `oa_reimbursement`;
CREATE TABLE `oa_reimbursement` (
  `id` int(11) NOT NULL auto_increment,
  `project_id` int(11) default NULL COMMENT '项目外键',
  `org_id` int(10) unsigned default NULL,
  `amount` varchar(16) default NULL COMMENT '金额',
  `describe` varchar(512) default NULL COMMENT '描述',
  `reason` int(11) default NULL COMMENT '报销事由',
  `start_date` date default NULL,
  `end_date` date default NULL,
  `is_refuse` char(1) default NULL COMMENT '是否退回标志',
  `is_retreat` char(1) default NULL,
  `fail_reason` varchar(512) default NULL,
  `is_paid` char(1) default NULL COMMENT '是否支付标志',
  `init_level` char(1) default NULL COMMENT '初始级别',
  `status` char(1) default NULL COMMENT '当前状态',
  `create_user` int(11) unsigned default NULL,
  `create_date` datetime default NULL,
  `modify_user` int(11) unsigned default NULL,
  `modify_date` datetime default NULL,
  `paid_date` datetime default NULL COMMENT '付款日期',
  PRIMARY KEY  (`id`),
  KEY `oa_reimbursement_ibfk_1` USING BTREE (`project_id`),
  KEY `oa_reimbursement_ibfk_2` USING BTREE (`create_user`),
  KEY `oa_reimbursement_ibfk_3` USING BTREE (`org_id`),
  CONSTRAINT `oa_reimbursement_ibfk_1` FOREIGN KEY (`project_id`) REFERENCES `oa_project` (`id`) ON DELETE SET NULL ON UPDATE CASCADE,
  CONSTRAINT `oa_reimbursement_ibfk_2` FOREIGN KEY (`create_user`) REFERENCES `oa_user` (`id`) ON DELETE SET NULL ON UPDATE CASCADE,
  CONSTRAINT `oa_reimbursement_ibfk_3` FOREIGN KEY (`org_id`) REFERENCES `oa_org` (`id`) ON DELETE SET NULL ON UPDATE CASCADE
) ENGINE=InnoDB AUTO_INCREMENT=46 DEFAULT CHARSET=utf8;

-- ----------------------------
--  Records of `oa_reimbursement`
-- ----------------------------
BEGIN;
INSERT INTO `oa_reimbursement` VALUES ('5', '18', '5', '2319', '汽车保养维护', '26', '2014-01-20', '2014-01-20', '0', '0', '', '0', '1', '1', '32', '2014-01-20 15:34:18', '32', '2014-01-20 15:34:18', null), ('6', '18', '2', '12', '发票寄至常州办公室', '14', '2014-01-23', '2014-01-23', '0', '0', '', '0', '1', '1', '2', '2014-01-23 12:01:29', '2', '2014-01-23 12:01:29', null), ('7', '16', '2', '12', '1.21日兴化快递到付件', '14', '2014-01-23', '2014-01-23', '0', '0', '', '0', '1', '1', '2', '2014-01-23 12:02:54', '2', '2014-01-23 12:02:54', null), ('8', '11', '3', '265', '交通费：165+出差补贴：100=265', '1', '2014-01-28', '2014-01-28', '0', '0', '', '0', '1', '4', '10', '2014-01-29 09:23:28', '10', '2014-01-29 09:23:28', null), ('9', '9', '3', '368.5', '公司年会期间，两晚宾馆住宿费278元，打的费16元，上海到常州高铁费74.5元', '1', '2014-01-10', '2014-01-12', '0', '0', '', '0', '1', '4', '7', '2014-01-29 09:50:14', '7', '2014-01-29 09:50:14', null), ('10', '4', '3', '793.00', '市内交通费，常州火车站——江南银行武进支行', '2', '2014-01-01', '2014-01-31', '0', '0', '', '0', '1', '4', '19', '2014-02-07 15:07:39', '19', '2014-02-07 15:07:39', null), ('11', '18', '3', '74.5', '上海年会，上海——常州火车票费用', '2', '2014-01-12', '2014-01-12', '0', '0', '', '0', '1', '4', '19', '2014-02-07 15:08:54', '19', '2014-02-07 15:08:54', null), ('12', '18', '3', '278', '上海年会，宾馆住宿费用', '1', '2014-01-11', '2014-01-12', '0', '0', '', '0', '1', '4', '19', '2014-02-07 15:09:55', '19', '2014-02-07 15:09:55', null), ('13', '18', '3', '74.5', '上海虹桥—常州北火车票', '1', '2014-01-12', '2014-01-12', '0', '0', '', '0', '1', '4', '21', '2014-02-07 15:16:39', '21', '2014-02-07 15:16:39', null), ('14', '13', '3', '3530', '1.10 兴化住宿696+1.21 兴化住宿830+兴化来回交通与年会上海到常州交通322+年会 KTV 582+出差补贴 1100\r\n', '1', '2014-01-10', '2014-02-07', '0', '0', '', '0', '1', '4', '10', '2014-02-07 17:27:08', '10', '2014-02-07 17:27:08', null), ('15', '7', '2', '10864.23', '13年12月兴化学员社保及服务费', '19', '2014-01-24', '2014-01-24', '0', '0', '', '0', '1', '1', '37', '2014-02-08 11:01:30', '36', '2014-02-08 11:01:30', null), ('16', '19', '2', '2952', '2月上海办公室物业费', '7', '2014-02-08', '2014-02-08', '0', '0', '', '0', '1', '1', '37', '2014-02-08 11:02:53', '36', '2014-02-08 11:02:53', null), ('17', '19', '2', '1500', '2月上海办公室停车费*3', '12', '2014-02-08', '2014-02-08', '0', '0', '', '0', '1', '1', '37', '2014-02-08 11:03:23', '36', '2014-02-08 11:03:23', null), ('18', '19', '2', '24941.67', '3月上海办公室租金', '8', '2014-02-08', '2014-02-08', '0', '0', '', '0', '1', '1', '37', '2014-02-08 11:04:41', '36', '2014-02-08 11:04:41', null), ('19', '19', '2', '647.64', '1月上海办公室水电费', '6', '2014-02-08', '2014-02-08', '0', '0', '', '0', '1', '1', '37', '2014-02-08 11:05:15', '36', '2014-02-08 11:05:15', null), ('20', '7', '2', '840', '1月26日盛欣 扬州泰州-广州机票', '1', '2014-02-08', '2014-02-08', '0', '0', '', '0', '1', '1', '2', '2014-02-08 11:14:49', '2', '2014-02-08 11:14:49', null), ('21', '18', '3', '27', '1.21快递至兴化嵇杰12元+1.22快递至常州刘文新12元+2.7到中山西路税务局培训交通费3元', '14', '2014-02-08', '2014-02-08', '0', '0', '', '0', '1', '4', '2', '2014-02-08 11:21:17', '2', '2014-02-08 11:21:17', null), ('22', '19', '2', '120', '', '26', '2014-02-08', '2014-02-08', '0', '0', '', '0', '1', '1', '32', '2014-02-08 12:54:27', '32', '2014-02-08 12:54:27', null), ('23', '12', '3', '1000', '1月份油贴', '11', '2014-02-09', '2014-02-09', '0', '0', '', '0', '1', '4', '17', '2014-02-09 16:32:45', '17', '2014-02-09 16:32:45', null), ('24', '12', '3', '538.30', '2014年会', '1', '2014-02-09', '2014-02-09', '0', '0', '', '0', '1', '4', '17', '2014-02-09 16:35:47', '17', '2014-02-09 16:35:47', null), ('25', '12', '3', '129', '2013年下半年快递费', '14', '2014-02-09', '2014-02-09', '0', '0', '', '0', '1', '4', '17', '2014-02-09 16:36:37', '17', '2014-02-09 16:36:37', null), ('26', '12', '3', '92', '尊维2号轮快递费到付费用12，俞垛支行硬盘坏，请示刘总后买硬盘一只更换80。', '17', '2014-02-09', '2014-02-09', '0', '0', '', '0', '1', '4', '17', '2014-02-09 16:39:18', '17', '2014-02-09 16:39:18', null), ('27', '12', '3', '160', '办事处11、12月份电费', '6', '2014-02-09', '2014-02-09', '0', '0', '', '0', '1', '4', '17', '2014-02-09 16:40:08', '17', '2014-02-09 16:40:08', null), ('28', '12', '3', '100', '1月份话费补贴', '10', '2014-02-10', '2014-02-10', '0', '0', '', '0', '1', '4', '4', '2014-02-10 10:58:18', '4', '2014-02-10 10:58:18', null), ('29', '12', '3', '200', '1月油费补贴', '11', '2014-02-10', '2014-02-10', '0', '0', '', '0', '1', '4', '4', '2014-02-10 10:58:50', '4', '2014-02-10 10:58:50', null), ('30', '12', '3', '162', '年会往返车票', '26', '2014-02-10', '2014-02-10', '0', '0', '', '0', '1', '4', '4', '2014-02-10 10:59:29', '4', '2014-02-10 10:59:29', null), ('31', '12', '3', '30', '年会饭贴', '26', '2014-02-10', '2014-02-10', '0', '0', '', '0', '1', '4', '4', '2014-02-10 10:59:58', '4', '2014-02-10 10:59:58', null), ('32', '7', '2', '405', '1月份过路费、停车费（专家徐嵩、专家盛欣、项目组回上海开年会）', '2', '2014-02-10', '2014-02-10', '0', '0', '', '0', '1', '1', '24', '2014-02-10 11:46:06', '24', '2014-02-10 11:46:06', null), ('33', '7', '2', '1300', '1月份项目组接送专家、回上海开年会', '11', '2014-02-10', '2014-02-10', '0', '0', '', '0', '1', '1', '24', '2014-02-10 11:47:13', '24', '2014-02-10 11:47:13', null), ('34', '7', '2', '39', '', '3', '2014-02-10', '2014-02-10', '0', '0', '', '0', '1', '1', '24', '2014-02-10 11:47:26', '24', '2014-02-10 11:47:26', null), ('36', '7', '2', '750', '专家来回交通费（火车票、机票）', '26', '2014-02-10', '2014-02-10', '0', '0', '', '0', '1', '1', '24', '2014-02-10 11:48:15', '24', '2014-02-10 11:48:15', null), ('37', '7', '2', '1566', '专家住宿费（徐嵩766元、盛欣800元）', '1', '2014-02-10', '2014-02-10', '0', '0', '', '0', '1', '1', '24', '2014-02-10 11:49:29', '24', '2014-02-10 11:49:29', null), ('38', '7', '2', '5100', '兴化项目组兴化当地年会（项目组、学员、总行领导聚餐）\r\n', '4', '2014-02-10', '2014-02-10', '0', '0', '', '0', '1', '1', '24', '2014-02-10 11:50:56', '24', '2014-02-10 11:50:56', null), ('39', '7', '2', '382', '1月份探亲车补（赵军扬239元、吉力143元）', '1', '2014-02-10', '2014-02-10', '0', '0', '', '0', '1', '1', '24', '2014-02-10 11:51:50', '24', '2014-02-10 11:51:50', null), ('40', '19', '2', '2988', '住宿1767：1月19日返上海接盛欣住宿161,1月24-25日返上海住宿405，2月6-8日返上海住宿+刘总7-8日返上海工作坊住宿\r\n交通1221：兴化返回上海115，过年上海北京往返交通费1106', '1', '2014-02-10', '2014-02-10', '0', '0', '', '0', '1', '1', '11', '2014-02-10 11:52:40', '11', '2014-02-10 11:52:40', null), ('41', '7', '2', '2779', '专家餐费（其中1565.5元无发票，已用其他发票代替）', '4', '2014-02-10', '2014-02-10', '0', '0', '', '0', '1', '1', '24', '2014-02-10 11:52:48', '24', '2014-02-10 11:52:48', null), ('42', '19', '2', '100', '惠普笔记本电脑\r\n2013年11月-2015年10月（2年每月报销100元）', '3', '2014-01-01', '2014-01-31', '0', '0', '', '0', '1', '1', '34', '2014-02-11 10:32:59', '34', '2014-02-11 10:32:59', null), ('43', '19', '2', '100', '惠普笔记本电脑\r\n2013年11月-2015年10月（2年每月报销100元）', '3', '2014-02-01', '2014-02-28', '0', '0', '', '0', '1', '1', '34', '2014-02-11 10:33:32', '34', '2014-02-11 10:33:32', null), ('44', '20', '5', '1000', '购买水票*100张', '26', '2014-02-11', '2014-02-11', '0', '0', '', '0', '1', '1', '2', '2014-02-11 11:19:44', '2', '2014-02-11 11:19:44', null), ('45', '20', '5', '22', '寄文件至北京', '14', '2014-02-11', '2014-02-11', '0', '0', '', '0', '1', '1', '2', '2014-02-11 11:22:44', '2', '2014-02-11 11:22:44', null);
COMMIT;

-- ----------------------------
--  Table structure for `oa_role`
-- ----------------------------
DROP TABLE IF EXISTS `oa_role`;
CREATE TABLE `oa_role` (
  `id` int(11) unsigned NOT NULL auto_increment COMMENT '唯一标识主键，自增',
  `role_name` varchar(16) default NULL COMMENT '角色名称',
  `role_level` int(2) default NULL COMMENT '角色级别',
  PRIMARY KEY  (`id`)
) ENGINE=InnoDB AUTO_INCREMENT=7 DEFAULT CHARSET=utf8;

-- ----------------------------
--  Records of `oa_role`
-- ----------------------------
BEGIN;
INSERT INTO `oa_role` VALUES ('1', '管理员', '0'), ('2', '员工', '1'), ('3', '主管', '3'), ('4', '总经理', '4'), ('5', '财务', '5'), ('6', '项目经理', '2');
COMMIT;

-- ----------------------------
--  Table structure for `oa_user`
-- ----------------------------
DROP TABLE IF EXISTS `oa_user`;
CREATE TABLE `oa_user` (
  `id` int(11) unsigned NOT NULL auto_increment,
  `login_name` varchar(16) default NULL COMMENT '登陆名称',
  `login_password` varchar(32) default NULL COMMENT '登陆密码',
  `real_name` varchar(32) default NULL COMMENT '真实姓名',
  `sex` char(1) default '1' COMMENT '性别，0-女 1-男',
  `mobile` varchar(16) default NULL COMMENT '电话',
  `department` int(11) unsigned default NULL COMMENT '所属部门',
  `active` char(1) default '1' COMMENT '是否激活，0-否 1-是',
  `create_user` int(11) default NULL COMMENT '创建人',
  `create_date` datetime default NULL COMMENT '创建日期',
  `modify_user` int(11) default NULL COMMENT '修改人',
  `modify_date` datetime default NULL COMMENT '修改日期',
  PRIMARY KEY  (`id`),
  KEY `FK_org_1` (`department`),
  CONSTRAINT `oa_user_ibfk_1` FOREIGN KEY (`department`) REFERENCES `oa_org` (`id`) ON DELETE SET NULL ON UPDATE CASCADE
) ENGINE=InnoDB AUTO_INCREMENT=38 DEFAULT CHARSET=utf8;

-- ----------------------------
--  Records of `oa_user`
-- ----------------------------
BEGIN;
INSERT INTO `oa_user` VALUES ('1', 'admin', 'ad1b4af4e801d0bdb79ec20ca6a57cff', '管理员', '1', '1', '1', '1', '1', null, '1', null), ('2', 'qk_leihy', 'd553d148479a268914cecb77b2b88e6a', '雷海燕', '0', '-', '3', '1', '1', '2014-01-15 21:12:25', '1', '2014-01-15 21:12:25'), ('3', 'qk_tanxy', '96e79218965eb72c92a549dd5a330112', '檀晓阳', '1', '-', '5', '1', '1', '2014-01-15 21:13:22', '1', '2014-01-20 15:19:31'), ('4', 'qk_chenkai', '96e79218965eb72c92a549dd5a330112', '陈凯', '1', '-', '2', '1', '1', '2014-01-15 21:14:14', '1', '2014-01-15 21:14:14'), ('5', 'qk_fuxd', '96e79218965eb72c92a549dd5a330112', '傅晓东', '1', '-', '2', '1', '1', '2014-01-15 21:16:03', '1', '2014-01-15 21:16:03'), ('6', 'qk_gexiang', '46f227e9cf17e2e1e88b14e679047bd9', '葛祥', '1', '-', '3', '1', '1', '2014-01-15 21:17:13', '1', '2014-01-17 15:35:24'), ('7', 'qk_gulq', '96e79218965eb72c92a549dd5a330112', '顾刘庆', '1', '-', '3', '1', '1', '2014-01-15 21:19:01', '1', '2014-01-15 21:19:01'), ('8', 'qk_jijie', '96e79218965eb72c92a549dd5a330112', '嵇杰', '1', '', '3', '1', '1', '2014-01-15 21:19:39', '1', '2014-01-17 15:35:39'), ('9', 'qk_jili', '96e79218965eb72c92a549dd5a330112', '吉力', '1', '-', '2', '1', '1', '2014-01-15 21:20:41', '1', '2014-01-21 10:40:35'), ('10', 'qk_jianghs', '61d018e349f109f66e96594f068085c1', '蒋瀚湜', '1', '-', '3', '1', '1', '2014-01-15 21:21:48', '1', '2014-01-17 15:36:00'), ('11', 'qk_lily', '96e79218965eb72c92a549dd5a330112', '李丽', '0', '-', '2', '1', '1', '2014-01-15 21:22:30', '1', '2014-01-21 10:41:13'), ('12', 'qk_liyz', '80a2d6176c101ab903928a35810175a1', '李依重', '1', '-', '2', '1', '1', '2014-01-15 21:23:10', '1', '2014-01-15 21:23:10'), ('13', 'qk_liuchao', '96e79218965eb72c92a549dd5a330112', '刘超', '1', '-', '3', '1', '1', '2014-01-15 21:23:51', '1', '2014-01-17 15:36:18'), ('14', 'qk_liuwx', '96e79218965eb72c92a549dd5a330112', '刘文新', '1', '-', '3', '1', '1', '2014-01-15 21:24:19', '1', '2014-01-15 21:24:19'), ('15', 'qk_liuxj', '96e79218965eb72c92a549dd5a330112', '刘学军', '1', '-', '2', '1', '1', '2014-01-15 21:24:49', '1', '2014-01-20 15:20:55'), ('16', 'qk_mayh', '96e79218965eb72c92a549dd5a330112', '马颖涵', '0', '-', '2', '1', '1', '2014-01-15 21:25:58', '1', '2014-01-15 21:25:58'), ('17', 'qk_panyh', 'c8837b23ff8aaa8a2dde915473ce0991', '潘跃华', '1', '-', '3', '1', '1', '2014-01-15 21:26:41', '1', '2014-01-17 15:36:38'), ('18', 'qk_tanwh', '96e79218965eb72c92a549dd5a330112', '谭文华', '1', '-', '3', '1', '1', '2014-01-15 21:27:38', '1', '2014-01-17 15:36:50'), ('19', 'qk_wanglj', '670b14728ad9902aecba32e22fa4f6bd', '王丽君', '0', '-', '3', '1', '1', '2014-01-15 21:28:27', '1', '2014-01-15 21:28:27'), ('20', 'qk_wanglu', '96e79218965eb72c92a549dd5a330112', '王路', '1', '-', '2', '1', '1', '2014-01-15 21:29:02', '1', '2014-01-21 10:41:32'), ('21', 'qk_wangxu', '96e79218965eb72c92a549dd5a330112', '王旭', '0', '-', '3', '1', '1', '2014-01-15 21:29:57', '1', '2014-01-17 15:37:04'), ('22', 'qk_zhangjw', '96e79218965eb72c92a549dd5a330112', '张金巍', '1', '-', '3', '1', '1', '2014-01-15 21:30:37', '1', '2014-01-17 15:37:21'), ('23', 'qk_zhangxi', '4010df838807f17c69c01a78a4d769e8', '张熙', '1', '-', '5', '1', '1', '2014-01-15 21:31:21', '1', '2014-01-15 21:34:49'), ('24', 'qk_zhaojy', '96e79218965eb72c92a549dd5a330112', '赵军扬', '1', '-', '2', '1', '1', '2014-01-15 21:31:55', '1', '2014-01-21 10:41:54'), ('25', 'qk_zhoubin', '96e79218965eb72c92a549dd5a330112', '周滨', '1', '-', '2', '1', '1', '2014-01-15 21:32:31', '1', '2014-01-15 21:32:31'), ('27', 'qk_chendan', '96e79218965eb72c92a549dd5a330112', '陈丹', '1', '-', '5', '1', '1', '2014-01-15 21:35:18', '1', '2014-01-15 21:35:18'), ('28', 'qk_caorx', '96e79218965eb72c92a549dd5a330112', '曹如玺', '1', '-', '5', '1', '1', '2014-01-15 21:35:58', '1', '2014-01-15 21:35:58'), ('29', 'qk_weizl', '96e79218965eb72c92a549dd5a330112', '魏子龙', '1', '-', '5', '1', '1', '2014-01-15 21:36:26', '1', '2014-01-15 21:36:26'), ('30', 'qk_wangzl', '96e79218965eb72c92a549dd5a330112', '王质琳', '0', '-', '5', '1', '1', '2014-01-15 21:36:58', '1', '2014-01-15 21:37:48'), ('31', 'qk_xufei', '96e79218965eb72c92a549dd5a330112', '徐飞', '0', '-', '5', '1', '1', '2014-01-15 21:37:29', '1', '2014-01-15 21:37:29'), ('32', 'qk_chenzp', '96e79218965eb72c92a549dd5a330112', '程志鹏', '1', '-', '5', '1', '1', '2014-01-15 21:38:17', '1', '2014-01-15 21:38:17'), ('33', 'qk_shenyf', '96e79218965eb72c92a549dd5a330112', '沈一枫', '1', '-', '3', '1', '1', '2014-01-15 21:38:50', '1', '2014-01-17 15:37:58'), ('34', 'qk_luxiao', '96e79218965eb72c92a549dd5a330112', '卢霄', '1', '-', '2', '1', '1', '2014-01-15 21:39:28', '1', '2014-01-15 21:39:28'), ('35', 'qk_xionglei', '96e79218965eb72c92a549dd5a330112', '熊雷', '1', '-', '2', '1', '1', '2014-01-15 21:39:50', '1', '2014-01-21 10:42:30'), ('36', 'qk_cw', 'd553d148479a268914cecb77b2b88e6a', '财务', '1', '', '2', '1', '1', '2014-01-23 11:49:01', '1', '2014-01-23 11:49:01'), ('37', 'qk_houqin', '96e79218965eb72c92a549dd5a330112', '公司费用报销', '1', '', '2', '1', '1', '2014-02-08 11:13:48', '1', '2014-02-08 11:13:48');
COMMIT;

-- ----------------------------
--  Table structure for `oa_userrole`
-- ----------------------------
DROP TABLE IF EXISTS `oa_userrole`;
CREATE TABLE `oa_userrole` (
  `id` int(11) NOT NULL auto_increment COMMENT '唯一标识主键，自增',
  `user_id` int(11) unsigned default NULL COMMENT '用户id',
  `role_id` int(11) unsigned default NULL COMMENT '角色id',
  PRIMARY KEY  (`id`),
  KEY `FK_USER` (`user_id`),
  KEY `FK_ROLE` (`role_id`),
  CONSTRAINT `oa_userrole_ibfk_1` FOREIGN KEY (`role_id`) REFERENCES `oa_role` (`id`) ON DELETE SET NULL ON UPDATE CASCADE,
  CONSTRAINT `oa_userrole_ibfk_2` FOREIGN KEY (`user_id`) REFERENCES `oa_user` (`id`) ON DELETE CASCADE ON UPDATE CASCADE
) ENGINE=InnoDB AUTO_INCREMENT=38 DEFAULT CHARSET=utf8;

-- ----------------------------
--  Records of `oa_userrole`
-- ----------------------------
BEGIN;
INSERT INTO `oa_userrole` VALUES ('1', '1', '1'), ('2', '2', '2'), ('3', '3', '4'), ('4', '4', '2'), ('5', '5', '2'), ('6', '6', '2'), ('7', '7', '2'), ('8', '8', '2'), ('9', '9', '2'), ('10', '10', '2'), ('11', '11', '2'), ('12', '12', '2'), ('13', '13', '2'), ('14', '14', '4'), ('15', '15', '2'), ('16', '16', '2'), ('17', '17', '2'), ('18', '18', '2'), ('19', '19', '2'), ('20', '20', '2'), ('21', '21', '2'), ('22', '22', '2'), ('23', '23', '2'), ('24', '24', '2'), ('25', '25', '4'), ('27', '27', '2'), ('28', '28', '2'), ('29', '29', '2'), ('30', '30', '2'), ('31', '31', '2'), ('32', '32', '2'), ('33', '33', '2'), ('34', '34', '2'), ('35', '35', '3'), ('36', '36', '5'), ('37', '37', '2');
COMMIT;

SET FOREIGN_KEY_CHECKS = 1;
